"species","nacl","cnt","rep","shoot_length_cm","root_length_cm","fresh_weight_g","shoot_root_axis_weight_mg","MDA_nmol_gFW","H2O2_umol_gFW","SOD_U_mg","CAT_U_mg","APX_U_mg","proline_umol_gFW","treatment"
"Barley","0","CNT-",1,30.3032101912064,14.4070669200341,1.85229049123258,546.327084366379,8.3234146585128,1.18726505806902,44.8368703918046,14.8722102981423,14.4221084566525,0.396989723245484,"NaCl0_CNT0"
"Cowpea","0","CNT-",1,30.1921810190955,17.4009776623362,1.60000405903982,508.402387300397,7.89334293088507,1.27631404776841,39.0903906514686,11.4137851817786,9.07143968570938,0.463365440595049,"NaCl0_CNT0"
"Barley","50","CNT-",1,24.2782816597209,11.2914784841161,1.54511969141146,498.848434391238,15.622354079128,1.81821086499482,65.294563291899,20.4720061767568,20.2228548860071,1.16938744552073,"NaCl50_CNT0"
"Cowpea","50","CNT-",1,23.970963505871,12.5920633632722,1.58811881324447,405.881979719434,16.1075978557236,1.82225809060386,62.4828852886427,22.4698457020868,14.6658652101032,1.27215730291429,"NaCl50_CNT0"
"Barley","100","CNT-",1,21.7319928637246,10.5270406822972,1.41420407847462,366.698900319322,15.7672732921941,2.71253268673107,87.2749309511395,38.0422934896821,25.5161434596977,2.3011791914843,"NaCl100_CNT0"
"Cowpea","100","CNT-",1,19.0272229636951,8.50618146724536,1.27619929512781,350.477314819129,22.8701241322924,3.28849623913327,98.4053564932127,33.9388603130013,18.6850931115922,2.20626336943718,"NaCl100_CNT0"
"Barley","150","CNT-",1,17.7989797701269,8.81280541400316,1.15120048800816,360.281178563426,21.6981365808298,3.72983906857457,123.22414194962,47.0190186019598,37.1304771321882,3.25951613863207,"NaCl150_CNT0"
"Cowpea","150","CNT-",1,13.123780091603,5.9621217176235,0.839905162367971,221.692351530771,28.3715135562784,4.44401852902631,127.374515883212,44.7947805676504,30.9883605888071,2.60407887648677,"NaCl150_CNT0"
"Barley","0","CNT+",1,30.5413477764723,15.2708175094086,1.81273539299898,514.970704038374,7.04453688387158,1.27343962776485,44.2182965553125,16.7203822393122,15.0880179334282,0.505361875700055,"NaCl0_CNT50"
"Cowpea","0","CNT+",1,30.3387555115696,14.5000173807926,1.89365019274459,577.870194985824,7.11136889644168,1.09670488957466,40.9257407489264,14.7674025807613,13.9103759234728,0.496056879548635,"NaCl0_CNT50"
"Barley","50","CNT+",1,27.7412855088209,14.6321626751472,1.51604355310339,548.150271262303,11.2515157632955,1.77149657132355,69.2457329439519,26.0433634258001,21.5310479462465,1.34563709117979,"NaCl50_CNT50"
"Cowpea","50","CNT+",1,24.9290780254673,13.148724436975,1.52184487012609,440.805034504322,11.5021240024375,1.91391558835211,68.7274718548339,32.7368150041505,18.2547276980857,1.3485178566612,"NaCl50_CNT50"
"Barley","100","CNT+",1,21.6246188873942,11.0070427416799,1.51159769904065,400.378309363983,16.1077303135142,2.20724350194321,93.5057833625973,29.1674507828713,24.9802175013086,2.24058206063557,"NaCl100_CNT50"
"Cowpea","100","CNT+",1,22.6803220355947,10.7170342962889,1.36667354199115,434.479360359532,22.4068641152427,2.47500237238318,97.4104194593653,39.5234765336189,27.1295031273213,2.17952336489739,"NaCl100_CNT50"
"Barley","150","CNT+",1,21.5182499483479,10.2273902216811,1.2971520010744,391.675195237597,19.3313920789898,3.17731706408097,120.19007158346,43.245665417967,38.2947680240565,2.67210151868364,"NaCl150_CNT50"
"Cowpea","150","CNT+",1,18.8538479291785,8.15623554128637,1.25737959852968,330.600620234845,24.1926085659818,3.12794391890892,124.922379662227,41.7588571792958,33.8900974587774,3.53283435017866,"NaCl150_CNT50"
"Barley","0","CNT-",2,27.7051165379932,13.8746284966418,1.8235017910753,504.910081909877,8.47201083838987,1.37189063132772,36.8233839644496,15.6137779017334,12.1018776704142,0.442987147948698,"NaCl0_CNT0"
"Cowpea","0","CNT-",2,27.6139727265703,15.8784500218836,1.54871195596752,590.281491126636,8.69182238281486,1.18190688133371,35.3631771835547,15.8680617450567,12.5798326365777,0.399694929931773,"NaCl0_CNT0"
"Barley","50","CNT-",2,24.9580938783412,12.3725495997741,1.61289044382299,465.384227183398,12.7665726896768,1.6461150355703,70.4039936983468,25.5470239361135,17.7164739205839,1.02428926604172,"NaCl50_CNT0"
"Cowpea","50","CNT-",2,23.620275346156,11.7101260985028,1.49630643986143,382.498049178127,13.8626053186168,2.43887046780958,68.8201328251505,25.6177410387486,22.8427749958976,1.28624752381423,"NaCl50_CNT0"
"Barley","100","CNT-",2,18.8894698084685,11.0523355612598,1.4582746802516,453.481115600149,15.7515994805473,2.30077755293695,88.0632002524578,30.4728776469728,24.9446834049534,2.08587657360815,"NaCl100_CNT0"
"Cowpea","100","CNT-",2,17.3212979698379,10.2832924651994,1.14310491020296,331.090450653185,23.7900711876371,3.21197285955775,92.3470759907292,38.1413325600295,26.0879194397544,1.80473116908572,"NaCl100_CNT0"
"Barley","150","CNT-",2,18.6211493363642,8.48592866002078,1.05408194378465,296.314039278189,24.4023762136441,3.24257398263909,124.950410195021,42.0930063768261,31.761088352206,3.45008517746834,"NaCl150_CNT0"
"Cowpea","150","CNT-",2,13.7717184793064,6.39813983826758,0.723098724473028,231.05057094959,29.1919458145405,4.03579452858504,132.94758731512,42.9119006059751,34.8303678937517,2.66074618516899,"NaCl150_CNT0"
"Barley","0","CNT+",2,26.7749149754639,16.0479723539826,1.98122135970176,571.9527294545,6.89549036037974,1.44599528323637,48.6607421872784,16.9591222798685,14.7709787347416,0.406379535350817,"NaCl0_CNT50"
"Cowpea","0","CNT+",2,26.1584575141811,15.0515029734845,1.62741659665568,527.904790340086,9.03816471968373,1.07593515324423,42.341613284833,17.0712428273598,12.39571735464,0.438842725414277,"NaCl0_CNT50"
"Barley","50","CNT+",2,27.2317067188277,14.5603822385838,1.69894991356157,406.798969522388,11.9902384671982,1.9396547444735,76.3289848811599,25.8810982897062,15.4274816712354,1.3363725555638,"NaCl50_CNT50"
"Cowpea","50","CNT+",2,25.8261467094971,13.0918415700789,1.60327225508894,475.191922235018,13.2463590640747,2.25068566692456,74.3635888259439,23.3882047920715,24.0530627978281,1.51841652943863,"NaCl50_CNT50"
"Barley","100","CNT+",2,24.9278035463728,10.8419676064628,1.42850172045897,457.185936915368,16.1811057356751,2.3862516372243,117.682135917781,33.0396658253437,22.4510903395017,2.26536992903702,"NaCl100_CNT50"
"Cowpea","100","CNT+",2,21.028455890257,11.4465738981514,1.27784593686556,469.216489452822,19.3443679036703,2.64730072932365,97.0254096003054,38.4354951281075,28.7437625812107,1.76547100757292,"NaCl100_CNT50"
"Barley","150","CNT+",2,21.6240031675148,11.4853308586848,1.34919542222509,415.687145823826,19.8706233003941,2.84245001081449,129.823694661045,49.0214217289417,31.3379041170453,3.04770338087669,"NaCl150_CNT50"
"Cowpea","150","CNT+",2,18.8195288864625,8.66391132128533,1.0548389387936,320.945007964629,26.869317993393,3.42137281174244,117.151121904947,45.6618360939187,31.3725630383085,3.44404485063411,"NaCl150_CNT50"
"Barley","0","CNT-",3,27.1858797007526,15.1985852522647,1.8073449117468,519.989988174324,9.44750563395429,1.10096064514681,43.6655054471295,15.0426238031969,10.9977530336319,0.396699344847207,"NaCl0_CNT0"
"Cowpea","0","CNT-",3,29.2545764341809,14.5532053288857,1.68882015813214,526.354986840712,8.79087747614304,1.19118499983934,35.5615150286088,13.2359875290933,11.0779256099065,0.374698809982026,"NaCl0_CNT0"
"Barley","50","CNT-",3,24.7015355688116,13.5054597581096,1.51219466449893,414.151146014967,13.9306658732738,1.95233682406052,72.8391843702119,20.648700251076,19.5021502385301,1.47237767454595,"NaCl50_CNT0"
"Cowpea","50","CNT-",3,24.3471766542901,11.3006556263581,1.55261667578083,396.904896170762,14.6381238161143,2.4612575412984,65.1192250037862,26.1478493908076,18.7702930963603,1.02705958114498,"NaCl50_CNT0"
"Barley","100","CNT-",3,20.3733920489965,9.97707898436036,1.28167567241417,378.858360210049,17.9865329197247,2.53675572057054,107.461775243947,29.4670917046918,25.5604685314459,2.22269820452868,"NaCl100_CNT0"
"Cowpea","100","CNT-",3,20.4905220043799,9.05576879429958,1.24568299756165,289.478519046568,25.9450747908579,2.97902074506714,91.2693145619446,30.3051278241714,27.0236515104785,2.59038013057661,"NaCl100_CNT0"
"Barley","150","CNT-",3,20.8450023839347,8.04421119860989,1.14276281771547,359.990483468252,22.9421630475542,3.22800231675695,117.074131636354,45.3136126423113,38.7512599967736,3.24754311404639,"NaCl150_CNT0"
"Cowpea","150","CNT-",3,14.2689579320095,5.87321463117355,0.831894315875709,229.448891175998,29.1622304890883,4.66053564610693,124.243325646517,43.9327330578811,33.1309339717912,3.33517184453456,"NaCl150_CNT0"
"Barley","0","CNT+",3,30.2426531434308,14.0872646479308,1.80799012147177,522.041183588784,7.53731541731128,1.08015136128048,44.9912419919762,18.0029331807038,15.8380423449876,0.354614766086987,"NaCl0_CNT50"
"Cowpea","0","CNT+",3,26.8199016848352,14.6729982710875,1.5605053875839,488.777808821441,7.37811859265479,1.11329163601685,37.1201954430705,17.3265303819384,12.9279463479683,0.543931113899535,"NaCl0_CNT50"
"Barley","50","CNT+",3,27.1124678737285,12.247678706559,1.66130840951664,454.849698346336,13.1261858914945,1.76230324383692,68.4730645451573,27.3723343090627,21.455845241931,1.30045954765214,"NaCl50_CNT50"
"Cowpea","50","CNT+",3,27.9924628176377,12.5664059928492,1.52370031675535,402.525304498769,13.7374334730015,2.16718090478866,59.7907096546725,25.7406789987603,18.6361120983393,1.55622307925736,"NaCl50_CNT50"
"Barley","100","CNT+",3,25.6886060553435,12.5573044955809,1.66780607949325,404.879379760884,17.642229972378,2.17109634610918,100.858199177202,34.7056054531723,27.6737473562257,2.33707084300567,"NaCl100_CNT50"
"Cowpea","100","CNT+",3,20.2175046951367,10.905039460662,1.38536347285982,385.798743877813,19.7916596247836,2.69135114128795,111.06430562895,37.9592120774451,36.909496752792,1.98406890781335,"NaCl100_CNT50"
"Barley","150","CNT+",3,22.6868840840716,12.506531818913,1.37738545393442,358.582775945113,18.1366500428635,2.84887497589005,138.091243608534,48.0391219709192,28.1446413871475,2.80282997122417,"NaCl150_CNT50"
"Cowpea","150","CNT+",3,18.8897299570178,8.21606550141973,1.21389672747753,271.445488750957,25.7436694211347,3.43033370347164,120.088359143859,43.8512278175692,36.9269654008541,3.2055311194192,"NaCl150_CNT50"
"Barley","0","CNT-",4,27.6209857654596,12.9788020481424,1.59275098104163,458.862236602748,8.60949075751354,1.17076620217545,40.8629651437376,12.8954478467096,11.3572943919644,0.426997694712328,"NaCl0_CNT0"
"Cowpea","0","CNT-",4,27.7004121126545,14.8791072144872,1.78962314801668,570.373847968134,7.50808247936024,1.28113517499776,42.8755187377202,13.3944208302466,12.1455106197828,0.39946135906574,"NaCl0_CNT0"
"Barley","50","CNT-",4,26.260578160795,13.7260417055508,1.56635881457616,459.613787453129,12.1875316776414,1.86235637729027,61.1775530344092,22.2156999214161,16.9730946947564,1.39377023766628,"NaCl50_CNT0"
"Cowpea","50","CNT-",4,24.8942938512269,11.6531263235412,1.33419998530053,423.665277208677,18.7709189964127,2.64908889756511,57.4943982041522,23.5517077564253,22.2976756181804,1.26085356398191,"NaCl50_CNT0"
"Barley","100","CNT-",4,23.5241349227831,10.5478094426577,1.39786516521764,396.317700465181,24.1651002784102,2.83931766736085,84.3245082831878,31.836906724102,27.6539607589922,1.64667716778335,"NaCl100_CNT0"
"Cowpea","100","CNT-",4,16.6457275283078,8.29325175799621,1.10178771567197,366.370723963519,22.0451521863348,3.25196182897862,92.8509350738438,31.5297982626805,30.2991927166693,1.852625957184,"NaCl100_CNT0"
"Barley","150","CNT-",4,17.9505505977468,8.48817269890835,1.14682731851659,365.65951985381,24.6023259911128,3.7561831429891,127.325731666079,40.582857812266,34.2772489214586,3.49538848009132,"NaCl150_CNT0"
"Cowpea","150","CNT-",4,12.6885367396281,6.13640367744977,0.789965419715057,256.8534501261,32.2504997255419,4.32644242961399,134.330986725401,37.0963389933433,37.0964396988525,2.43136846997129,"NaCl150_CNT0"
"Barley","0","CNT+",4,28.9873633119592,15.0941244108008,1.93928567860078,523.278593881257,6.74504013081113,0.959061217918069,46.9475046872596,16.8877338048941,13.0119946168898,0.442829021016079,"NaCl0_CNT50"
"Cowpea","0","CNT+",4,26.8720226872697,14.834792525315,1.66589206977602,437.506805654042,7.8243201566005,1.32543310433549,51.7583864386788,17.0039874798145,13.6886754901014,0.513156621924441,"NaCl0_CNT50"
"Barley","50","CNT+",4,25.9598410269568,13.2199112136158,1.41924173526219,429.256791566712,12.5451517882499,1.49712265944821,77.6778222555536,23.1422929548363,20.7242542205201,1.32629478229417,"NaCl50_CNT50"
"Cowpea","50","CNT+",4,24.9474477253336,13.1888038786327,1.6591447433108,454.695446970746,13.450519942842,2.02190515158602,69.1804528681756,29.977000766601,16.546878901418,1.49016580205786,"NaCl50_CNT50"
"Barley","100","CNT+",4,23.399195456951,12.6327309793914,1.61492168769179,464.14889541707,15.0465219169534,2.6666744251531,85.5659226423732,38.4397740255342,27.0103041049516,1.6886828586361,"NaCl100_CNT50"
"Cowpea","100","CNT+",4,19.4779223085495,11.2905041322926,1.60977308367528,407.385540605781,21.8014971508827,3.01315008598871,93.1836931473581,38.7288814075855,29.4714018384263,2.24771026715871,"NaCl100_CNT50"
"Barley","150","CNT+",4,22.9292447554878,11.4755674778186,1.27758054756859,405.0131855279,18.3668541038717,3.03935098344524,120.672948167154,46.831161509085,37.1174365818029,2.96071371379615,"NaCl150_CNT50"
"Cowpea","150","CNT+",4,19.4278913084865,9.51787516251407,1.12877560090552,369.697437424498,28.9146794696887,3.33366912171168,117.22630793275,47.0798312445806,32.5303421878122,2.89497157871209,"NaCl150_CNT50"
"Barley","0","CNT-",5,29.3489269344941,14.3978493064698,1.52234997582984,547.638658687001,6.7179678209646,1.03744796910554,30.3426154258627,16.1221710600106,12.3013165066168,0.422190086365184,"NaCl0_CNT0"
"Cowpea","0","CNT-",5,29.419250935015,14.9559298994624,1.6407970695792,543.453067136964,9.04269180465574,1.01997348746464,38.0576344476191,14.6054691613636,10.4523799880117,0.433317080741186,"NaCl0_CNT0"
"Barley","50","CNT-",5,23.844147389434,14.0349866995064,1.57337300437463,481.149818509451,15.1835754629166,1.95046870318347,72.4092067157721,24.7947618037109,16.4107645167434,1.27007181017354,"NaCl50_CNT0"
"Cowpea","50","CNT-",5,24.3387240217923,12.4111438949875,1.44626376741695,385.102524120119,16.3244774986878,1.99837967376346,59.9902749737303,25.6362250366414,16.949899380633,1.3038100577324,"NaCl50_CNT0"
"Barley","100","CNT-",5,21.4702372413892,9.79587347736467,1.45916761726216,370.869433626508,20.4586270578417,2.47649124330084,89.0395736820739,33.5720518121029,25.7118480107241,2.04204345745551,"NaCl100_CNT0"
"Cowpea","100","CNT-",5,17.6836825572209,8.23587481113788,1.18893798676096,311.834577561001,19.5466976255398,3.03748867226767,87.3530150323612,27.0225260390864,25.8908342686195,2.17612990835043,"NaCl100_CNT0"
"Barley","150","CNT-",5,18.5218040532824,8.93917943064122,1.01192575325593,315.557153054177,21.0404637952965,3.09030761092886,108.385529395322,38.6792850914741,36.1415959527582,2.9018922347357,"NaCl150_CNT0"
"Cowpea","150","CNT-",5,13.7825734185619,6.72641443555443,0.796262901413928,229.688375335509,32.2418600884972,3.99535170913631,133.179914702203,41.5384079642991,31.9050811119975,2.57947498161311,"NaCl150_CNT0"
"Barley","0","CNT+",5,28.552115802433,16.5398361588122,1.7487346255072,530.877053902101,8.26666308414059,1.37066318883714,47.3899557623982,15.3573076117862,12.8382755509599,0.418813598777212,"NaCl0_CNT50"
"Cowpea","0","CNT+",5,28.2378424251821,14.9958554182328,1.85298300015721,492.654534748595,7.69892266387116,1.28896320725101,44.6414156767855,15.9989364857311,15.1402068362046,0.460744996398575,"NaCl0_CNT50"
"Barley","50","CNT+",5,24.453654942649,15.2668122472962,1.49429974945903,409.49299876548,9.3391070621694,1.86714238246154,68.6117596132108,25.680257657309,21.7454116688227,1.25240240402958,"NaCl50_CNT50"
"Cowpea","50","CNT+",5,22.5577925245995,11.2688725023156,1.54017801035741,465.753914044335,10.6515188178346,2.04781437170847,74.0878897828487,29.4018608841332,21.481428959253,1.35929531812206,"NaCl50_CNT50"
"Barley","100","CNT+",5,24.615014422143,12.2535599933608,1.48712220214051,439.103544611694,17.3095795677062,2.20654438682651,94.4037055782983,32.8894964002808,25.7402509336194,2.27934708578966,"NaCl100_CNT50"
"Cowpea","100","CNT+",5,23.969675182335,10.3471961149923,1.34606384672897,365.816496290633,21.3653053107908,2.69176784161114,99.741497870118,36.7838371492773,25.4654857194388,2.1657646367026,"NaCl100_CNT50"
"Barley","150","CNT+",5,21.3336569515347,11.4205326685791,1.21230287097872,354.911607812769,21.710446538404,2.6908628214592,118.397041700244,45.4577047648992,34.652972297124,3.74533528567592,"NaCl150_CNT50"
"Cowpea","150","CNT+",5,19.1943086708407,9.25347922542302,1.23565889165885,336.37903990002,25.5037013587966,3.18698348193798,102.070285695193,40.1108122572394,36.2085117586739,2.68057331255251,"NaCl150_CNT50"
"Barley","0","CNT-",6,29.1571970239347,15.7613371685586,1.83130275037523,511.611079964675,6.90744811152905,1.16292748695874,38.5507107630809,15.8953593451017,13.5703554440984,0.424049934874936,"NaCl0_CNT0"
"Cowpea","0","CNT-",6,26.1044752608684,16.7545471706681,1.94549083667311,529.298482580377,6.2348123254323,1.08544972577362,39.7805661849272,16.0277629671131,10.5841149600501,0.55413754992483,"NaCl0_CNT0"
"Barley","50","CNT-",6,20.9434572545223,12.6869516437513,1.5341348153779,430.537800686171,12.7143921997817,2.04105507993874,62.0037723958092,19.7719711851292,19.5146179454331,1.26639005524224,"NaCl50_CNT0"
"Cowpea","50","CNT-",6,23.3149924200131,12.5610931826288,1.46512165618695,453.155738640258,12.2502058232926,1.9518002911062,68.5269310484572,23.5604856575411,21.1598975559741,1.11394924908264,"NaCl50_CNT0"
"Barley","100","CNT-",6,22.3990533861226,10.2943624478113,1.21460904600365,378.656094368518,18.3575968969882,2.28080269000336,87.6287558658217,29.8907350199645,29.3780639406927,2.3185781650924,"NaCl100_CNT0"
"Cowpea","100","CNT-",6,17.5102362731089,9.35112798259734,1.11016061763898,303.642886476089,23.6213808631269,3.09665590020916,99.90534326223,33.0762299381357,29.8348132856101,2.00283361832074,"NaCl100_CNT0"
"Barley","150","CNT-",6,18.4397464278736,8.92550930261102,1.12456153864829,329.234347975161,23.3695880907107,3.27001454799443,133.104301107061,46.5144653015779,31.9263802172335,3.502717399639,"NaCl150_CNT0"
"Cowpea","150","CNT-",6,14.1216306335791,5.73094515592997,0.810867344611746,236.98200024152,30.3028187836383,3.79117445525772,112.129677357569,48.2744964101284,37.2686611638063,2.6818591892156,"NaCl150_CNT0"
"Barley","0","CNT+",6,26.487845246067,16.8094997894367,2.07490207134657,487.670926252421,6.95815578990951,1.51481942001824,45.8266640916485,17.2857273349771,13.9050685562314,0.537548282284938,"NaCl0_CNT50"
"Cowpea","0","CNT+",6,27.677906644635,16.5323617723639,1.76822561503663,541.014068868963,7.1732023951417,1.22045681657511,49.3224053792109,16.7499889504084,15.5698166911092,0.610541240612702,"NaCl0_CNT50"
"Barley","50","CNT+",6,27.3390982064947,13.3977103321185,1.66105567896663,460.95601422643,14.6817900698084,1.23432593276649,72.1304259047416,26.5943599302761,21.5844207962741,1.0786617843356,"NaCl50_CNT50"
"Cowpea","50","CNT+",6,25.2905515629608,13.2214308968537,1.74275880252706,478.570866722468,15.3319166000707,1.79945705380808,70.9534080088288,26.7877519881818,21.7086191229417,1.21621140404988,"NaCl50_CNT50"
"Barley","100","CNT+",6,25.8614491549318,11.744553305111,1.30337995240337,449.075469129145,17.1813097959465,2.52371570257143,90.8894150580281,34.8696607446098,24.6850508528921,2.41567515025377,"NaCl100_CNT50"
"Cowpea","100","CNT+",6,22.3909022332226,11.809993529657,1.43317135116962,379.289936175622,19.938556941481,2.24946218140197,102.289843893821,38.7768329493326,25.9737349819653,1.63113167474802,"NaCl100_CNT50"
"Barley","150","CNT+",6,19.653674364619,10.0553012160102,1.47852986715966,392.709360616458,17.6698634378864,3.01787437809295,103.168506506401,43.9995509487561,39.7840278007595,2.93453758737026,"NaCl150_CNT50"
"Cowpea","150","CNT+",6,20.380367079988,10.2999049396578,1.04255915907244,306.842142620486,23.0591120188007,3.75875590761451,133.350789270486,49.8970047450707,40.4521117123917,3.45500890210587,"NaCl150_CNT50"
